ID,Proportion,TopicID
71C08F79-D561-4367-8CBE-1BBCBC317B35,0.21428571428571427,3
71C08F79-D561-4367-8CBE-1BBCBC317B35,0.35714285714285715,4
71C08F79-D561-4367-8CBE-1BBCBC317B35,0.14285714285714285,57
71C08F79-D561-4367-8CBE-1BBCBC317B35,0.2857142857142857,67
74CF434D-8B2D-4C95-8F15-A3E7C8C15195,0.3790322580645161,6
74CF434D-8B2D-4C95-8F15-A3E7C8C15195,0.03225806451612903,18
74CF434D-8B2D-4C95-8F15-A3E7C8C15195,0.1532258064516129,20
74CF434D-8B2D-4C95-8F15-A3E7C8C15195,0.008064516129032258,22
74CF434D-8B2D-4C95-8F15-A3E7C8C15195,0.016129032258064516,28
74CF434D-8B2D-4C95-8F15-A3E7C8C15195,0.10483870967741936,61
74CF434D-8B2D-4C95-8F15-A3E7C8C15195,0.21774193548387097,94
74CF434D-8B2D-4C95-8F15-A3E7C8C15195,0.08870967741935484,97
44699746-5752-4F91-B77C-8F8DAA2A0E0E,0.07114624505928854,0
44699746-5752-4F91-B77C-8F8DAA2A0E0E,0.1422924901185771,18
44699746-5752-4F91-B77C-8F8DAA2A0E0E,0.015810276679841896,31
44699746-5752-4F91-B77C-8F8DAA2A0E0E,0.11857707509881422,40
44699746-5752-4F91-B77C-8F8DAA2A0E0E,0.10276679841897234,48
44699746-5752-4F91-B77C-8F8DAA2A0E0E,0.007905138339920948,56
44699746-5752-4F91-B77C-8F8DAA2A0E0E,0.003952569169960474,75
44699746-5752-4F91-B77C-8F8DAA2A0E0E,0.17786561264822134,86
44699746-5752-4F91-B77C-8F8DAA2A0E0E,0.13438735177865613,91
44699746-5752-4F91-B77C-8F8DAA2A0E0E,0.22529644268774704,92
49697848-C424-4FCC-B649-79390FB1E6CD,0.03017241379310345,3
49697848-C424-4FCC-B649-79390FB1E6CD,0.008620689655172414,12
49697848-C424-4FCC-B649-79390FB1E6CD,0.11637931034482758,18
49697848-C424-4FCC-B649-79390FB1E6CD,0.04310344827586207,24
49697848-C424-4FCC-B649-79390FB1E6CD,0.2974137931034483,32
49697848-C424-4FCC-B649-79390FB1E6CD,0.034482758620689655,48
49697848-C424-4FCC-B649-79390FB1E6CD,0.25862068965517243,60
49697848-C424-4FCC-B649-79390FB1E6CD,0.2025862068965517,67
49697848-C424-4FCC-B649-79390FB1E6CD,0.008620689655172414,75
5F75099A-56DC-49D7-80EF-AD3BD1A244D6,0.008,8
5F75099A-56DC-49D7-80EF-AD3BD1A244D6,0.016,10
5F75099A-56DC-49D7-80EF-AD3BD1A244D6,0.04,18
5F75099A-56DC-49D7-80EF-AD3BD1A244D6,0.008,28
5F75099A-56DC-49D7-80EF-AD3BD1A244D6,0.928,97
0FCBB1FC-209F-4BB4-9390-DABBEDCA7686,0.07692307692307693,3
0FCBB1FC-209F-4BB4-9390-DABBEDCA7686,0.8461538461538461,4
0FCBB1FC-209F-4BB4-9390-DABBEDCA7686,0.07692307692307693,51
1394E950-2A0B-4BCB-B76D-C2435C91099E,1,4
70DEE185-6BB0-4935-91BA-0ED080AA3D95,1,57
6E8389DB-1DDC-4671-9538-C40DC4036C53,0.5094339622641509,0
6E8389DB-1DDC-4671-9538-C40DC4036C53,0.009433962264150943,2
6E8389DB-1DDC-4671-9538-C40DC4036C53,0.018867924528301886,18
6E8389DB-1DDC-4671-9538-C40DC4036C53,0.009433962264150943,19
6E8389DB-1DDC-4671-9538-C40DC4036C53,0.3018867924528302,28
6E8389DB-1DDC-4671-9538-C40DC4036C53,0.009433962264150943,31
6E8389DB-1DDC-4671-9538-C40DC4036C53,0.02830188679245283,37
6E8389DB-1DDC-4671-9538-C40DC4036C53,0.03773584905660377,48
6E8389DB-1DDC-4671-9538-C40DC4036C53,0.009433962264150943,75
6E8389DB-1DDC-4671-9538-C40DC4036C53,0.0660377358490566,78
680D72FE-F0A9-4C6E-9B83-B023ACE9991E,0.09502262443438914,18
680D72FE-F0A9-4C6E-9B83-B023ACE9991E,0.013574660633484163,31
680D72FE-F0A9-4C6E-9B83-B023ACE9991E,0.33031674208144796,40
680D72FE-F0A9-4C6E-9B83-B023ACE9991E,0.16289592760180996,56
680D72FE-F0A9-4C6E-9B83-B023ACE9991E,0.027149321266968326,60
680D72FE-F0A9-4C6E-9B83-B023ACE9991E,0.19457013574660634,67
680D72FE-F0A9-4C6E-9B83-B023ACE9991E,0.17647058823529413,75
78A237F7-6FED-4CF2-91C4-7BBE4EF57063,0.046511627906976744,18
78A237F7-6FED-4CF2-91C4-7BBE4EF57063,0.26744186046511625,27
78A237F7-6FED-4CF2-91C4-7BBE4EF57063,0.4127906976744186,65
78A237F7-6FED-4CF2-91C4-7BBE4EF57063,0.18604651162790697,95
78A237F7-6FED-4CF2-91C4-7BBE4EF57063,0.0872093023255814,98
8C9F1363-934F-48D0-8C57-BCC460832405,0.029411764705882353,2
8C9F1363-934F-48D0-8C57-BCC460832405,0.19117647058823528,53
8C9F1363-934F-48D0-8C57-BCC460832405,0.2647058823529412,69
8C9F1363-934F-48D0-8C57-BCC460832405,0.29411764705882354,75
8C9F1363-934F-48D0-8C57-BCC460832405,0.22058823529411764,98
8CB96D7F-3FCC-4695-8DAD-7D3ED953E4C9,0.18181818181818182,34
8CB96D7F-3FCC-4695-8DAD-7D3ED953E4C9,0.010101010101010102,61
8CB96D7F-3FCC-4695-8DAD-7D3ED953E4C9,0.010101010101010102,71
8CB96D7F-3FCC-4695-8DAD-7D3ED953E4C9,0.797979797979798,97
846B314A-A091-44F6-AE1E-C8E2FDC93D03,0.00784313725490196,0
846B314A-A091-44F6-AE1E-C8E2FDC93D03,0.10588235294117647,1
846B314A-A091-44F6-AE1E-C8E2FDC93D03,0.0784313725490196,22
846B314A-A091-44F6-AE1E-C8E2FDC93D03,0.06666666666666667,28
846B314A-A091-44F6-AE1E-C8E2FDC93D03,0.06666666666666667,40
846B314A-A091-44F6-AE1E-C8E2FDC93D03,0.25098039215686274,55
846B314A-A091-44F6-AE1E-C8E2FDC93D03,0.00392156862745098,56
846B314A-A091-44F6-AE1E-C8E2FDC93D03,0.2,67
846B314A-A091-44F6-AE1E-C8E2FDC93D03,0.1411764705882353,84
846B314A-A091-44F6-AE1E-C8E2FDC93D03,0.0784313725490196,91
AE1B4D78-A9D3-4BB7-A21B-EBB697D2C47E,0.18,20
AE1B4D78-A9D3-4BB7-A21B-EBB697D2C47E,0.02666666666666667,23
AE1B4D78-A9D3-4BB7-A21B-EBB697D2C47E,0.02666666666666667,31
AE1B4D78-A9D3-4BB7-A21B-EBB697D2C47E,0.21333333333333335,58
AE1B4D78-A9D3-4BB7-A21B-EBB697D2C47E,0.32666666666666666,84
AE1B4D78-A9D3-4BB7-A21B-EBB697D2C47E,0.013333333333333334,96
AE1B4D78-A9D3-4BB7-A21B-EBB697D2C47E,0.08,97
AE1B4D78-A9D3-4BB7-A21B-EBB697D2C47E,0.13333333333333333,98
B65A7762-4271-49D6-A974-A8B0456526EF,0.00641025641025641,23
B65A7762-4271-49D6-A974-A8B0456526EF,0.47435897435897434,28
B65A7762-4271-49D6-A974-A8B0456526EF,0.00641025641025641,31
B65A7762-4271-49D6-A974-A8B0456526EF,0.09615384615384616,41
B65A7762-4271-49D6-A974-A8B0456526EF,0.3333333333333333,75
B65A7762-4271-49D6-A974-A8B0456526EF,0.08333333333333333,95
9DEED9C3-A585-4337-808E-55705B86C5F9,0.010416666666666666,12
9DEED9C3-A585-4337-808E-55705B86C5F9,0.21875,18
9DEED9C3-A585-4337-808E-55705B86C5F9,0.2708333333333333,25
9DEED9C3-A585-4337-808E-55705B86C5F9,0.1875,53
9DEED9C3-A585-4337-808E-55705B86C5F9,0.08333333333333333,74
9DEED9C3-A585-4337-808E-55705B86C5F9,0.22916666666666666,86
80E15321-CD2F-492B-A0D3-91D6DB9DF881,0.6686390532544378,3
80E15321-CD2F-492B-A0D3-91D6DB9DF881,0.029585798816568046,18
80E15321-CD2F-492B-A0D3-91D6DB9DF881,0.13609467455621302,23
80E15321-CD2F-492B-A0D3-91D6DB9DF881,0.07692307692307693,31
80E15321-CD2F-492B-A0D3-91D6DB9DF881,0.08875739644970414,57
BC7845A5-6462-4005-A64D-0B1CD442FCE6,0.009569377990430622,4
BC7845A5-6462-4005-A64D-0B1CD442FCE6,0.07655502392344497,20
BC7845A5-6462-4005-A64D-0B1CD442FCE6,0.10526315789473684,27
BC7845A5-6462-4005-A64D-0B1CD442FCE6,0.20574162679425836,31
BC7845A5-6462-4005-A64D-0B1CD442FCE6,0.08133971291866028,35
BC7845A5-6462-4005-A64D-0B1CD442FCE6,0.03827751196172249,57
BC7845A5-6462-4005-A64D-0B1CD442FCE6,0.03349282296650718,61
BC7845A5-6462-4005-A64D-0B1CD442FCE6,0.06220095693779904,89
BC7845A5-6462-4005-A64D-0B1CD442FCE6,0.3875598086124402,97
C7F6E3BB-5991-4C71-B8F6-F708F68629E2,0.11299435028248588,18
C7F6E3BB-5991-4C71-B8F6-F708F68629E2,0.005649717514124294,87
C7F6E3BB-5991-4C71-B8F6-F708F68629E2,0.8813559322033898,97
E14F1D78-E900-446A-AD7C-1484F6292A2D,0.02702702702702703,24
E14F1D78-E900-446A-AD7C-1484F6292A2D,0.4864864864864865,25
E14F1D78-E900-446A-AD7C-1484F6292A2D,0.1891891891891892,28
E14F1D78-E900-446A-AD7C-1484F6292A2D,0.05405405405405406,50
E14F1D78-E900-446A-AD7C-1484F6292A2D,0.21621621621621623,53
E14F1D78-E900-446A-AD7C-1484F6292A2D,0.02702702702702703,88
EBBADF03-C620-4C38-A43A-0A01F1D4C7CA,0.5714285714285714,14
EBBADF03-C620-4C38-A43A-0A01F1D4C7CA,0.14285714285714285,18
EBBADF03-C620-4C38-A43A-0A01F1D4C7CA,0.13157894736842105,47
EBBADF03-C620-4C38-A43A-0A01F1D4C7CA,0.007518796992481203,69
EBBADF03-C620-4C38-A43A-0A01F1D4C7CA,0.09022556390977443,72
EBBADF03-C620-4C38-A43A-0A01F1D4C7CA,0.05263157894736842,85
EBBADF03-C620-4C38-A43A-0A01F1D4C7CA,0.0037593984962406013,99
E80EDF92-CA2E-410C-9B19-9590A1CD0381,0.1,18
E80EDF92-CA2E-410C-9B19-9590A1CD0381,0.017391304347826087,25
E80EDF92-CA2E-410C-9B19-9590A1CD0381,0.008695652173913044,28
E80EDF92-CA2E-410C-9B19-9590A1CD0381,0.04782608695652174,40
E80EDF92-CA2E-410C-9B19-9590A1CD0381,0.008695652173913044,67
E80EDF92-CA2E-410C-9B19-9590A1CD0381,0.10434782608695652,75
E80EDF92-CA2E-410C-9B19-9590A1CD0381,0.034782608695652174,82
E80EDF92-CA2E-410C-9B19-9590A1CD0381,0.5608695652173913,91
E80EDF92-CA2E-410C-9B19-9590A1CD0381,0.0391304347826087,92
E80EDF92-CA2E-410C-9B19-9590A1CD0381,0.004347826086956522,96
E80EDF92-CA2E-410C-9B19-9590A1CD0381,0.07391304347826087,99
ED24B5DB-CABD-41E0-BA6B-E729CBDEAEF5,0.14906832298136646,18
ED24B5DB-CABD-41E0-BA6B-E729CBDEAEF5,0.34782608695652173,25
ED24B5DB-CABD-41E0-BA6B-E729CBDEAEF5,0.006211180124223602,27
ED24B5DB-CABD-41E0-BA6B-E729CBDEAEF5,0.006211180124223602,36
ED24B5DB-CABD-41E0-BA6B-E729CBDEAEF5,0.43478260869565216,71
ED24B5DB-CABD-41E0-BA6B-E729CBDEAEF5,0.006211180124223602,85
ED24B5DB-CABD-41E0-BA6B-E729CBDEAEF5,0.049689440993788817,99
CE04F9F6-093A-40B0-8E55-FEA69A6CE463,0.2549019607843137,2
CE04F9F6-093A-40B0-8E55-FEA69A6CE463,0.0392156862745098,14
CE04F9F6-093A-40B0-8E55-FEA69A6CE463,0.16339869281045752,15
CE04F9F6-093A-40B0-8E55-FEA69A6CE463,0.006535947712418301,28
CE04F9F6-093A-40B0-8E55-FEA69A6CE463,0.08496732026143791,31
CE04F9F6-093A-40B0-8E55-FEA69A6CE463,0.05228758169934641,48
CE04F9F6-093A-40B0-8E55-FEA69A6CE463,0.22875816993464052,63
CE04F9F6-093A-40B0-8E55-FEA69A6CE463,0.12418300653594772,70
CE04F9F6-093A-40B0-8E55-FEA69A6CE463,0.0392156862745098,73
CE04F9F6-093A-40B0-8E55-FEA69A6CE463,0.006535947712418301,98
F606BE66-D89B-42DB-967E-08E8C4037C8B,0.010101010101010102,8
F606BE66-D89B-42DB-967E-08E8C4037C8B,0.09090909090909091,9
F606BE66-D89B-42DB-967E-08E8C4037C8B,0.0707070707070707,18
F606BE66-D89B-42DB-967E-08E8C4037C8B,0.010101010101010102,37
F606BE66-D89B-42DB-967E-08E8C4037C8B,0.1111111111111111,39
F606BE66-D89B-42DB-967E-08E8C4037C8B,0.0707070707070707,72
F606BE66-D89B-42DB-967E-08E8C4037C8B,0.06060606060606061,83
F606BE66-D89B-42DB-967E-08E8C4037C8B,0.5757575757575758,99
F0CD99B9-DAFD-4BAD-AA12-07D8171ED6A1,0.27722772277227725,22
F0CD99B9-DAFD-4BAD-AA12-07D8171ED6A1,0.18811881188118812,28
F0CD99B9-DAFD-4BAD-AA12-07D8171ED6A1,0.10891089108910891,35
F0CD99B9-DAFD-4BAD-AA12-07D8171ED6A1,0.039603960396039604,49
F0CD99B9-DAFD-4BAD-AA12-07D8171ED6A1,0.10891089108910891,55
F0CD99B9-DAFD-4BAD-AA12-07D8171ED6A1,0.019801980198019802,64
F0CD99B9-DAFD-4BAD-AA12-07D8171ED6A1,0.0891089108910891,72
F0CD99B9-DAFD-4BAD-AA12-07D8171ED6A1,0.07920792079207921,84
F0CD99B9-DAFD-4BAD-AA12-07D8171ED6A1,0.0891089108910891,93
0812B553-0C5E-415D-969A-143D0576ED8E,0.04035874439461883,2
0812B553-0C5E-415D-969A-143D0576ED8E,0.16591928251121077,3
0812B553-0C5E-415D-969A-143D0576ED8E,0.008968609865470852,4
0812B553-0C5E-415D-969A-143D0576ED8E,0.05829596412556054,6
0812B553-0C5E-415D-969A-143D0576ED8E,0.004484304932735426,18
0812B553-0C5E-415D-969A-143D0576ED8E,0.08071748878923767,31
0812B553-0C5E-415D-969A-143D0576ED8E,0.004484304932735426,36
0812B553-0C5E-415D-969A-143D0576ED8E,0.515695067264574,57
0812B553-0C5E-415D-969A-143D0576ED8E,0.05829596412556054,61
0812B553-0C5E-415D-969A-143D0576ED8E,0.017937219730941704,64
0812B553-0C5E-415D-969A-143D0576ED8E,0.04484304932735426,76
17757C21-AC3A-480F-84E4-BFB31BC45581,0.024390243902439025,2
17757C21-AC3A-480F-84E4-BFB31BC45581,0.0040650406504065045,18
17757C21-AC3A-480F-84E4-BFB31BC45581,0.15853658536585366,21
17757C21-AC3A-480F-84E4-BFB31BC45581,0.024390243902439025,25
17757C21-AC3A-480F-84E4-BFB31BC45581,0.032520325203252036,28
17757C21-AC3A-480F-84E4-BFB31BC45581,0.47560975609756095,33
17757C21-AC3A-480F-84E4-BFB31BC45581,0.22357723577235772,41
17757C21-AC3A-480F-84E4-BFB31BC45581,0.032520325203252036,56
17757C21-AC3A-480F-84E4-BFB31BC45581,0.016260162601626018,63
17757C21-AC3A-480F-84E4-BFB31BC45581,0.008130081300813009,68
1B36902A-E2ED-4954-A148-E409DF8944EF,0.5333333333333333,22
1B36902A-E2ED-4954-A148-E409DF8944EF,0.06666666666666667,28
1B36902A-E2ED-4954-A148-E409DF8944EF,0.3333333333333333,75
1B36902A-E2ED-4954-A148-E409DF8944EF,0.06666666666666667,76
1B3B21E0-26D9-4B8A-A4E3-78C43CBA1BC4,0.35507246376811596,5
1B3B21E0-26D9-4B8A-A4E3-78C43CBA1BC4,0.29347826086956524,27
1B3B21E0-26D9-4B8A-A4E3-78C43CBA1BC4,0.18478260869565216,31
1B3B21E0-26D9-4B8A-A4E3-78C43CBA1BC4,0.10144927536231885,40
1B3B21E0-26D9-4B8A-A4E3-78C43CBA1BC4,0.010869565217391304,64
1B3B21E0-26D9-4B8A-A4E3-78C43CBA1BC4,0.05434782608695652,95
25C4EFF3-B89C-42E1-B2EB-53421DC56D27,0.2689075630252101,71
25C4EFF3-B89C-42E1-B2EB-53421DC56D27,0.7142857142857143,72
25C4EFF3-B89C-42E1-B2EB-53421DC56D27,0.01680672268907563,85
2345C062-095A-4A7A-82B0-EBDF64380F1F,0.23648648648648649,8
2345C062-095A-4A7A-82B0-EBDF64380F1F,0.10135135135135136,21
2345C062-095A-4A7A-82B0-EBDF64380F1F,0.07432432432432433,28
2345C062-095A-4A7A-82B0-EBDF64380F1F,0.08783783783783784,39
2345C062-095A-4A7A-82B0-EBDF64380F1F,0.006756756756756757,48
2345C062-095A-4A7A-82B0-EBDF64380F1F,0.006756756756756757,64
2345C062-095A-4A7A-82B0-EBDF64380F1F,0.1554054054054054,72
2345C062-095A-4A7A-82B0-EBDF64380F1F,0.27702702702702703,74
2345C062-095A-4A7A-82B0-EBDF64380F1F,0.05405405405405406,85
3103F85F-CEC3-4641-BF62-420EF03AFF6C,0.39928057553956836,5
3103F85F-CEC3-4641-BF62-420EF03AFF6C,0.15827338129496402,27
3103F85F-CEC3-4641-BF62-420EF03AFF6C,0.2302158273381295,31
3103F85F-CEC3-4641-BF62-420EF03AFF6C,0.12589928057553956,40
3103F85F-CEC3-4641-BF62-420EF03AFF6C,0.007194244604316547,60
3103F85F-CEC3-4641-BF62-420EF03AFF6C,0.07913669064748201,95
359187E7-AF4A-4E03-8470-C8A0E39BCD0B,0.6388888888888888,67
359187E7-AF4A-4E03-8470-C8A0E39BCD0B,0.3611111111111111,91
637B6349-68AD-40EF-9524-6048A90E3375,0.09929078014184398,9
637B6349-68AD-40EF-9524-6048A90E3375,0.0425531914893617,20
637B6349-68AD-40EF-9524-6048A90E3375,0.6312056737588653,21
637B6349-68AD-40EF-9524-6048A90E3375,0.07092198581560284,28
637B6349-68AD-40EF-9524-6048A90E3375,0.06382978723404255,71
637B6349-68AD-40EF-9524-6048A90E3375,0.0070921985815602835,80
637B6349-68AD-40EF-9524-6048A90E3375,0.0851063829787234,99
78B2A4F9-C05E-402C-A07A-AA9E642C6670,0.022123893805309734,18
78B2A4F9-C05E-402C-A07A-AA9E642C6670,0.030973451327433628,23
78B2A4F9-C05E-402C-A07A-AA9E642C6670,0.8053097345132744,25
78B2A4F9-C05E-402C-A07A-AA9E642C6670,0.1415929203539823,72
75CF6788-9519-4488-9AA3-A3B89CE19B6F,0.1044776119402985,14
75CF6788-9519-4488-9AA3-A3B89CE19B6F,0.05970149253731343,28
75CF6788-9519-4488-9AA3-A3B89CE19B6F,0.1791044776119403,37
75CF6788-9519-4488-9AA3-A3B89CE19B6F,0.07462686567164178,41
75CF6788-9519-4488-9AA3-A3B89CE19B6F,0.014925373134328358,46
75CF6788-9519-4488-9AA3-A3B89CE19B6F,0.014925373134328358,61
75CF6788-9519-4488-9AA3-A3B89CE19B6F,0.014925373134328358,64
75CF6788-9519-4488-9AA3-A3B89CE19B6F,0.5373134328358209,69
6C479AEF-837F-4EAB-8F4D-607030AD66A0,0.06097560975609756,1
6C479AEF-837F-4EAB-8F4D-607030AD66A0,0.006097560975609756,22
6C479AEF-837F-4EAB-8F4D-607030AD66A0,0.2621951219512195,28
6C479AEF-837F-4EAB-8F4D-607030AD66A0,0.43902439024390244,48
6C479AEF-837F-4EAB-8F4D-607030AD66A0,0.23170731707317074,76
7169826D-094D-4FC8-91F7-4A6FDE20C26D,0.44696969696969696,12
7169826D-094D-4FC8-91F7-4A6FDE20C26D,0.1590909090909091,15
7169826D-094D-4FC8-91F7-4A6FDE20C26D,0.06060606060606061,20
7169826D-094D-4FC8-91F7-4A6FDE20C26D,0.09090909090909091,28
7169826D-094D-4FC8-91F7-4A6FDE20C26D,0.03787878787878788,33
7169826D-094D-4FC8-91F7-4A6FDE20C26D,0.07575757575757576,36
7169826D-094D-4FC8-91F7-4A6FDE20C26D,0.007575757575757576,52
7169826D-094D-4FC8-91F7-4A6FDE20C26D,0.12121212121212122,60
08D66E05-83BE-4370-8C8A-118D291F0C53,0.2261904761904762,18
08D66E05-83BE-4370-8C8A-118D291F0C53,0.03571428571428571,23
08D66E05-83BE-4370-8C8A-118D291F0C53,0.25,31
08D66E05-83BE-4370-8C8A-118D291F0C53,0.041666666666666664,71
08D66E05-83BE-4370-8C8A-118D291F0C53,0.4226190476190476,81
08D66E05-83BE-4370-8C8A-118D291F0C53,0.023809523809523808,98
4DB92BD0-B015-4CC3-861B-0F924B2339D0,0.09142857142857143,22
4DB92BD0-B015-4CC3-861B-0F924B2339D0,0.6114285714285714,27
4DB92BD0-B015-4CC3-861B-0F924B2339D0,0.02857142857142857,31
4DB92BD0-B015-4CC3-861B-0F924B2339D0,0.06857142857142857,49
4DB92BD0-B015-4CC3-861B-0F924B2339D0,0.005714285714285714,56
4DB92BD0-B015-4CC3-861B-0F924B2339D0,0.05714285714285714,65
4DB92BD0-B015-4CC3-861B-0F924B2339D0,0.005714285714285714,75
4DB92BD0-B015-4CC3-861B-0F924B2339D0,0.13142857142857142,97
4BF02C61-2482-47F1-9E96-62E6F7DCCE1E,0.019417475728155338,12
4BF02C61-2482-47F1-9E96-62E6F7DCCE1E,0.21359223300970873,41
4BF02C61-2482-47F1-9E96-62E6F7DCCE1E,0.47572815533980584,48
4BF02C61-2482-47F1-9E96-62E6F7DCCE1E,0.009708737864077669,60
4BF02C61-2482-47F1-9E96-62E6F7DCCE1E,0.009708737864077669,61
4BF02C61-2482-47F1-9E96-62E6F7DCCE1E,0.038834951456310676,65
4BF02C61-2482-47F1-9E96-62E6F7DCCE1E,0.05825242718446602,71
4BF02C61-2482-47F1-9E96-62E6F7DCCE1E,0.17475728155339806,99
36324BE9-1EFD-4BEC-A06F-5702A96C2735,0.047619047619047616,2
36324BE9-1EFD-4BEC-A06F-5702A96C2735,0.6746031746031746,28
36324BE9-1EFD-4BEC-A06F-5702A96C2735,0.03968253968253968,31
36324BE9-1EFD-4BEC-A06F-5702A96C2735,0.031746031746031744,48
36324BE9-1EFD-4BEC-A06F-5702A96C2735,0.03968253968253968,52
36324BE9-1EFD-4BEC-A06F-5702A96C2735,0.1349206349206349,69
36324BE9-1EFD-4BEC-A06F-5702A96C2735,0.007936507936507936,86
36324BE9-1EFD-4BEC-A06F-5702A96C2735,0.023809523809523808,95
56927529-1AF5-44CB-8741-B2D0F6A7604E,0.09387755102040816,5
56927529-1AF5-44CB-8741-B2D0F6A7604E,0.004081632653061225,8
56927529-1AF5-44CB-8741-B2D0F6A7604E,0.1510204081632653,31
56927529-1AF5-44CB-8741-B2D0F6A7604E,0.004081632653061225,60
56927529-1AF5-44CB-8741-B2D0F6A7604E,0.06938775510204082,61
56927529-1AF5-44CB-8741-B2D0F6A7604E,0.00816326530612245,62
56927529-1AF5-44CB-8741-B2D0F6A7604E,0.363265306122449,78
56927529-1AF5-44CB-8741-B2D0F6A7604E,0.30612244897959184,95
8370E066-6998-47D4-8724-5E617C4CFC81,0.32432432432432434,28
8370E066-6998-47D4-8724-5E617C4CFC81,0.2972972972972973,55
8370E066-6998-47D4-8724-5E617C4CFC81,0.3783783783783784,69
9924792E-4061-40F1-B0A2-04CA4D725D70,0.23529411764705882,18
9924792E-4061-40F1-B0A2-04CA4D725D70,0.0053475935828877,95
9924792E-4061-40F1-B0A2-04CA4D725D70,0.6898395721925134,97
9924792E-4061-40F1-B0A2-04CA4D725D70,0.06951871657754011,98
A27F62A0-DD0E-4747-AD73-8621A5018EC6,0.017543859649122806,0
A27F62A0-DD0E-4747-AD73-8621A5018EC6,0.3333333333333333,18
A27F62A0-DD0E-4747-AD73-8621A5018EC6,0.08771929824561403,22
A27F62A0-DD0E-4747-AD73-8621A5018EC6,0.05263157894736842,32
A27F62A0-DD0E-4747-AD73-8621A5018EC6,0.017543859649122806,60
A27F62A0-DD0E-4747-AD73-8621A5018EC6,0.22807017543859648,69
A27F62A0-DD0E-4747-AD73-8621A5018EC6,0.15789473684210525,85
A27F62A0-DD0E-4747-AD73-8621A5018EC6,0.10526315789473684,96
A03933AD-7E7E-44AD-ABC6-5AA703E792CA,0.3644859813084112,14
A03933AD-7E7E-44AD-ABC6-5AA703E792CA,0.0514018691588785,18
A03933AD-7E7E-44AD-ABC6-5AA703E792CA,0.0514018691588785,25
A03933AD-7E7E-44AD-ABC6-5AA703E792CA,0.3644859813084112,56
A03933AD-7E7E-44AD-ABC6-5AA703E792CA,0.16822429906542055,60
B999211A-720E-4DBE-9827-9BE7BA6A9439,0.14705882352941177,18
B999211A-720E-4DBE-9827-9BE7BA6A9439,0.10294117647058823,31
B999211A-720E-4DBE-9827-9BE7BA6A9439,0.007352941176470588,34
B999211A-720E-4DBE-9827-9BE7BA6A9439,0.022058823529411766,44
B999211A-720E-4DBE-9827-9BE7BA6A9439,0.7205882352941176,97
8B648014-ABC6-4A40-8B0F-6A87F1AF8983,1,61
94EF0ED5-7F8E-435F-9F65-D7948106CA00,0.014492753623188406,7
94EF0ED5-7F8E-435F-9F65-D7948106CA00,0.043478260869565216,28
94EF0ED5-7F8E-435F-9F65-D7948106CA00,0.21739130434782608,31
94EF0ED5-7F8E-435F-9F65-D7948106CA00,0.7246376811594203,97
C2F3FF37-281E-4551-9C13-D10BD410801C,0.00641025641025641,15
C2F3FF37-281E-4551-9C13-D10BD410801C,0.07692307692307693,18
C2F3FF37-281E-4551-9C13-D10BD410801C,0.07692307692307693,31
C2F3FF37-281E-4551-9C13-D10BD410801C,0.782051282051282,33
C2F3FF37-281E-4551-9C13-D10BD410801C,0.00641025641025641,37
C2F3FF37-281E-4551-9C13-D10BD410801C,0.01282051282051282,39
C2F3FF37-281E-4551-9C13-D10BD410801C,0.019230769230769232,50
C2F3FF37-281E-4551-9C13-D10BD410801C,0.01282051282051282,75
C2F3FF37-281E-4551-9C13-D10BD410801C,0.00641025641025641,91
CF592E06-3D6A-40B9-9819-9EC5B398FD07,1,97
CC2C16A9-C0B8-487E-9B52-1D8C77E79E15,0.03829787234042553,7
CC2C16A9-C0B8-487E-9B52-1D8C77E79E15,0.00425531914893617,39
CC2C16A9-C0B8-487E-9B52-1D8C77E79E15,0.1276595744680851,55
CC2C16A9-C0B8-487E-9B52-1D8C77E79E15,0.3276595744680851,58
CC2C16A9-C0B8-487E-9B52-1D8C77E79E15,0.31063829787234043,67
CC2C16A9-C0B8-487E-9B52-1D8C77E79E15,0.10212765957446808,84
CC2C16A9-C0B8-487E-9B52-1D8C77E79E15,0.07659574468085106,86
CC2C16A9-C0B8-487E-9B52-1D8C77E79E15,0.01276595744680851,88
D21B2708-0B2B-4745-AF92-AB561A65F3FA,0.005376344086021506,1
D21B2708-0B2B-4745-AF92-AB561A65F3FA,0.043010752688172046,72
D21B2708-0B2B-4745-AF92-AB561A65F3FA,0.010752688172043012,75
D21B2708-0B2B-4745-AF92-AB561A65F3FA,0.0913978494623656,92
D21B2708-0B2B-4745-AF92-AB561A65F3FA,0.8494623655913979,97
D325C171-6131-47B9-810D-90E410E631BA,0.004273504273504274,85
D325C171-6131-47B9-810D-90E410E631BA,0.9957264957264957,97
DBB1A7A6-99AB-4271-AE5B-A35362A02655,0.023715415019762844,10
DBB1A7A6-99AB-4271-AE5B-A35362A02655,0.06324110671936758,31
DBB1A7A6-99AB-4271-AE5B-A35362A02655,0.03162055335968379,56
DBB1A7A6-99AB-4271-AE5B-A35362A02655,0.08695652173913043,59
DBB1A7A6-99AB-4271-AE5B-A35362A02655,0.011857707509881422,67
DBB1A7A6-99AB-4271-AE5B-A35362A02655,0.1976284584980237,94
DBB1A7A6-99AB-4271-AE5B-A35362A02655,0.5849802371541502,95
D8144784-D5FD-4179-AE8D-7CE24DF3419C,0.21397379912663755,18
D8144784-D5FD-4179-AE8D-7CE24DF3419C,0.008733624454148471,28
D8144784-D5FD-4179-AE8D-7CE24DF3419C,0.1222707423580786,84
D8144784-D5FD-4179-AE8D-7CE24DF3419C,0.6550218340611353,97
E1EE207E-9219-4151-8A6A-57B12A57A5BE,0.005813953488372093,14
E1EE207E-9219-4151-8A6A-57B12A57A5BE,0.1744186046511628,18
E1EE207E-9219-4151-8A6A-57B12A57A5BE,0.06395348837209303,28
E1EE207E-9219-4151-8A6A-57B12A57A5BE,0.011627906976744186,40
E1EE207E-9219-4151-8A6A-57B12A57A5BE,0.005813953488372093,61
E1EE207E-9219-4151-8A6A-57B12A57A5BE,0.16279069767441862,76
E1EE207E-9219-4151-8A6A-57B12A57A5BE,0.5755813953488372,86
DE5F0CCD-F111-4F72-BA83-5C0AE726FFAA,0.046296296296296294,2
DE5F0CCD-F111-4F72-BA83-5C0AE726FFAA,0.06944444444444445,22
DE5F0CCD-F111-4F72-BA83-5C0AE726FFAA,0.2175925925925926,28
DE5F0CCD-F111-4F72-BA83-5C0AE726FFAA,0.13425925925925927,40
DE5F0CCD-F111-4F72-BA83-5C0AE726FFAA,0.0787037037037037,48
DE5F0CCD-F111-4F72-BA83-5C0AE726FFAA,0.004629629629629629,53
DE5F0CCD-F111-4F72-BA83-5C0AE726FFAA,0.10185185185185185,72
DE5F0CCD-F111-4F72-BA83-5C0AE726FFAA,0.06018518518518518,74
DE5F0CCD-F111-4F72-BA83-5C0AE726FFAA,0.19444444444444445,84
DE5F0CCD-F111-4F72-BA83-5C0AE726FFAA,0.09259259259259259,86
FD1202FD-A179-4BEB-BAB2-320BEDE011B8,0.005952380952380952,28
FD1202FD-A179-4BEB-BAB2-320BEDE011B8,0.023809523809523808,31
FD1202FD-A179-4BEB-BAB2-320BEDE011B8,0.011904761904761904,51
FD1202FD-A179-4BEB-BAB2-320BEDE011B8,0.6428571428571429,65
FD1202FD-A179-4BEB-BAB2-320BEDE011B8,0.16666666666666666,67
FD1202FD-A179-4BEB-BAB2-320BEDE011B8,0.14285714285714285,95
FD1202FD-A179-4BEB-BAB2-320BEDE011B8,0.005952380952380952,96
F9C3F5E9-05EB-4708-939B-BF6D3AB2B34B,0.07643312101910828,0
F9C3F5E9-05EB-4708-939B-BF6D3AB2B34B,0.05732484076433121,9
F9C3F5E9-05EB-4708-939B-BF6D3AB2B34B,0.16560509554140126,18
F9C3F5E9-05EB-4708-939B-BF6D3AB2B34B,0.25477707006369427,22
F9C3F5E9-05EB-4708-939B-BF6D3AB2B34B,0.025477707006369428,28
F9C3F5E9-05EB-4708-939B-BF6D3AB2B34B,0.24203821656050956,30
F9C3F5E9-05EB-4708-939B-BF6D3AB2B34B,0.10828025477707007,48
F9C3F5E9-05EB-4708-939B-BF6D3AB2B34B,0.006369426751592357,61
F9C3F5E9-05EB-4708-939B-BF6D3AB2B34B,0.06369426751592357,69
5261F5EB-F82B-4B1D-AC20-E665AEEEFA02,0.06862745098039216,6
5261F5EB-F82B-4B1D-AC20-E665AEEEFA02,0.10784313725490197,28
5261F5EB-F82B-4B1D-AC20-E665AEEEFA02,0.00980392156862745,37
5261F5EB-F82B-4B1D-AC20-E665AEEEFA02,0.0196078431372549,40
5261F5EB-F82B-4B1D-AC20-E665AEEEFA02,0.0196078431372549,44
5261F5EB-F82B-4B1D-AC20-E665AEEEFA02,0.30392156862745096,59
5261F5EB-F82B-4B1D-AC20-E665AEEEFA02,0.47058823529411764,95
5A49C443-E44E-46A8-9005-4D13E1F080E0,0.782608695652174,61
5A49C443-E44E-46A8-9005-4D13E1F080E0,0.21739130434782608,78
F679B4AD-4BB5-4F18-80F8-69A55DB89ECD,0.05714285714285714,11
F679B4AD-4BB5-4F18-80F8-69A55DB89ECD,0.11428571428571428,14
F679B4AD-4BB5-4F18-80F8-69A55DB89ECD,0.24285714285714285,28
F679B4AD-4BB5-4F18-80F8-69A55DB89ECD,0.02857142857142857,51
F679B4AD-4BB5-4F18-80F8-69A55DB89ECD,0.4,53
F679B4AD-4BB5-4F18-80F8-69A55DB89ECD,0.11428571428571428,60
F679B4AD-4BB5-4F18-80F8-69A55DB89ECD,0.04285714285714286,63
F6B57D5D-A774-4726-9870-CB13E42A48B2,0.6847290640394089,59
F6B57D5D-A774-4726-9870-CB13E42A48B2,0.009852216748768473,89
F6B57D5D-A774-4726-9870-CB13E42A48B2,0.2413793103448276,95
F6B57D5D-A774-4726-9870-CB13E42A48B2,0.06403940886699508,97
F3750C33-545E-455D-9D18-E00D822B2AEA,0.27472527472527475,20
F3750C33-545E-455D-9D18-E00D822B2AEA,0.23076923076923078,61
F3750C33-545E-455D-9D18-E00D822B2AEA,0.18681318681318682,67
F3750C33-545E-455D-9D18-E00D822B2AEA,0.06593406593406594,97
F3750C33-545E-455D-9D18-E00D822B2AEA,0.14285714285714285,98
F3750C33-545E-455D-9D18-E00D822B2AEA,0.0989010989010989,99
1BB65C8E-2FF7-4117-86B2-DEE38433696F,0.022123893805309734,31
1BB65C8E-2FF7-4117-86B2-DEE38433696F,0.035398230088495575,40
1BB65C8E-2FF7-4117-86B2-DEE38433696F,0.08849557522123894,56
1BB65C8E-2FF7-4117-86B2-DEE38433696F,0.017699115044247787,59
1BB65C8E-2FF7-4117-86B2-DEE38433696F,0.2079646017699115,72
1BB65C8E-2FF7-4117-86B2-DEE38433696F,0.6283185840707964,74
13F86090-A249-4A9E-AFF1-4AE8E862088B,0.041666666666666664,24
13F86090-A249-4A9E-AFF1-4AE8E862088B,0.041666666666666664,28
13F86090-A249-4A9E-AFF1-4AE8E862088B,0.14583333333333334,30
13F86090-A249-4A9E-AFF1-4AE8E862088B,0.3958333333333333,61
13F86090-A249-4A9E-AFF1-4AE8E862088B,0.08333333333333333,69
13F86090-A249-4A9E-AFF1-4AE8E862088B,0.2916666666666667,88
205CE608-12C1-4EB1-ACB9-38E6F59BD09B,0.06790123456790123,28
205CE608-12C1-4EB1-ACB9-38E6F59BD09B,0.006172839506172839,39
205CE608-12C1-4EB1-ACB9-38E6F59BD09B,0.2777777777777778,59
205CE608-12C1-4EB1-ACB9-38E6F59BD09B,0.006172839506172839,61
205CE608-12C1-4EB1-ACB9-38E6F59BD09B,0.5370370370370371,95
205CE608-12C1-4EB1-ACB9-38E6F59BD09B,0.10493827160493827,98
20AE6645-128A-4C11-B631-3021B717FAE0,0.0625,12
20AE6645-128A-4C11-B631-3021B717FAE0,0.125,15
20AE6645-128A-4C11-B631-3021B717FAE0,0.6875,84
20AE6645-128A-4C11-B631-3021B717FAE0,0.125,97
2F43BF8B-EF9A-4D27-8652-881713674B99,0.19557195571955718,18
2F43BF8B-EF9A-4D27-8652-881713674B99,0.007380073800738007,20
2F43BF8B-EF9A-4D27-8652-881713674B99,0.07749077490774908,53
2F43BF8B-EF9A-4D27-8652-881713674B99,0.11070110701107011,61
2F43BF8B-EF9A-4D27-8652-881713674B99,0.5092250922509225,81
2F43BF8B-EF9A-4D27-8652-881713674B99,0.0996309963099631,88
890C82CB-DC88-4A7A-AFF0-4D745E0F49F7,0.0196078431372549,1
890C82CB-DC88-4A7A-AFF0-4D745E0F49F7,0.0196078431372549,28
890C82CB-DC88-4A7A-AFF0-4D745E0F49F7,0.11764705882352941,40
890C82CB-DC88-4A7A-AFF0-4D745E0F49F7,0.4117647058823529,48
890C82CB-DC88-4A7A-AFF0-4D745E0F49F7,0.43137254901960786,74
8A97CDB1-DB09-48F0-A4B2-68723666DDEA,0.09433962264150944,31
8A97CDB1-DB09-48F0-A4B2-68723666DDEA,0.006289308176100629,41
8A97CDB1-DB09-48F0-A4B2-68723666DDEA,0.20125786163522014,45
8A97CDB1-DB09-48F0-A4B2-68723666DDEA,0.5220125786163522,61
8A97CDB1-DB09-48F0-A4B2-68723666DDEA,0.012578616352201259,77
8A97CDB1-DB09-48F0-A4B2-68723666DDEA,0.16352201257861634,93
898EF355-AA91-422B-BB78-EA0A70342BC6,0.045454545454545456,2
898EF355-AA91-422B-BB78-EA0A70342BC6,0.05371900826446281,3
898EF355-AA91-422B-BB78-EA0A70342BC6,0.03305785123966942,11
898EF355-AA91-422B-BB78-EA0A70342BC6,0.06611570247933884,18
898EF355-AA91-422B-BB78-EA0A70342BC6,0.004132231404958678,24
898EF355-AA91-422B-BB78-EA0A70342BC6,0.05785123966942149,25
898EF355-AA91-422B-BB78-EA0A70342BC6,0.08264462809917356,28
898EF355-AA91-422B-BB78-EA0A70342BC6,0.05785123966942149,48
898EF355-AA91-422B-BB78-EA0A70342BC6,0.30578512396694213,67
898EF355-AA91-422B-BB78-EA0A70342BC6,0.028925619834710745,76
898EF355-AA91-422B-BB78-EA0A70342BC6,0.11570247933884298,86
898EF355-AA91-422B-BB78-EA0A70342BC6,0.1487603305785124,91
8AB17C3E-2DCC-410D-9D05-BD9C828D49CD,0.10619469026548672,0
8AB17C3E-2DCC-410D-9D05-BD9C828D49CD,0.12389380530973451,28
8AB17C3E-2DCC-410D-9D05-BD9C828D49CD,0.4778761061946903,41
8AB17C3E-2DCC-410D-9D05-BD9C828D49CD,0.017699115044247787,50
8AB17C3E-2DCC-410D-9D05-BD9C828D49CD,0.035398230088495575,73
8AB17C3E-2DCC-410D-9D05-BD9C828D49CD,0.008849557522123894,77
8AB17C3E-2DCC-410D-9D05-BD9C828D49CD,0.23008849557522124,82
927E62CD-BDC0-486F-977B-D0893C8FB993,0.009433962264150943,18
927E62CD-BDC0-486F-977B-D0893C8FB993,0.8207547169811321,61
927E62CD-BDC0-486F-977B-D0893C8FB993,0.16037735849056603,81
927E62CD-BDC0-486F-977B-D0893C8FB993,0.009433962264150943,82
970DA3EA-6057-4DFB-9179-5205D8FCBDAD,0.08292682926829269,5
970DA3EA-6057-4DFB-9179-5205D8FCBDAD,0.7707317073170732,27
970DA3EA-6057-4DFB-9179-5205D8FCBDAD,0.06829268292682927,31
970DA3EA-6057-4DFB-9179-5205D8FCBDAD,0.07317073170731707,67
970DA3EA-6057-4DFB-9179-5205D8FCBDAD,0.004878048780487805,98
9B8B38AC-D3CD-4AB4-B158-A6D3E108E22C,0.030864197530864196,9
9B8B38AC-D3CD-4AB4-B158-A6D3E108E22C,0.21604938271604937,20
9B8B38AC-D3CD-4AB4-B158-A6D3E108E22C,0.1419753086419753,27
9B8B38AC-D3CD-4AB4-B158-A6D3E108E22C,0.006172839506172839,41
9B8B38AC-D3CD-4AB4-B158-A6D3E108E22C,0.006172839506172839,49
9B8B38AC-D3CD-4AB4-B158-A6D3E108E22C,0.1111111111111111,62
9B8B38AC-D3CD-4AB4-B158-A6D3E108E22C,0.006172839506172839,77
9B8B38AC-D3CD-4AB4-B158-A6D3E108E22C,0.37037037037037035,78
9B8B38AC-D3CD-4AB4-B158-A6D3E108E22C,0.07407407407407407,89
9B8B38AC-D3CD-4AB4-B158-A6D3E108E22C,0.024691358024691357,97
9B8B38AC-D3CD-4AB4-B158-A6D3E108E22C,0.012345679012345678,99
99F248A6-5982-47DA-B827-35FE281C1F1C,0.17928286852589642,20
99F248A6-5982-47DA-B827-35FE281C1F1C,0.21912350597609562,27
99F248A6-5982-47DA-B827-35FE281C1F1C,0.13147410358565736,31
99F248A6-5982-47DA-B827-35FE281C1F1C,0.05976095617529881,55
99F248A6-5982-47DA-B827-35FE281C1F1C,0.16334661354581673,89
99F248A6-5982-47DA-B827-35FE281C1F1C,0.24701195219123506,97
A4C4CC91-5E5B-429D-A5BA-B2361BC75890,0.004608294930875576,18
A4C4CC91-5E5B-429D-A5BA-B2361BC75890,0.511520737327189,28
A4C4CC91-5E5B-429D-A5BA-B2361BC75890,0.08294930875576037,31
A4C4CC91-5E5B-429D-A5BA-B2361BC75890,0.009216589861751152,36
A4C4CC91-5E5B-429D-A5BA-B2361BC75890,0.004608294930875576,47
A4C4CC91-5E5B-429D-A5BA-B2361BC75890,0.004608294930875576,60
A4C4CC91-5E5B-429D-A5BA-B2361BC75890,0.2304147465437788,61
A4C4CC91-5E5B-429D-A5BA-B2361BC75890,0.004608294930875576,63
A4C4CC91-5E5B-429D-A5BA-B2361BC75890,0.004608294930875576,75
A4C4CC91-5E5B-429D-A5BA-B2361BC75890,0.14285714285714285,81
6973332E-1CF6-412A-9EDB-2AC8EA01D095,0.025,0
6973332E-1CF6-412A-9EDB-2AC8EA01D095,0.0625,1
6973332E-1CF6-412A-9EDB-2AC8EA01D095,0.2625,2
6973332E-1CF6-412A-9EDB-2AC8EA01D095,0.3625,15
6973332E-1CF6-412A-9EDB-2AC8EA01D095,0.0125,24
6973332E-1CF6-412A-9EDB-2AC8EA01D095,0.275,48
DAF94725-A878-4FC9-81BB-CDE3817FDA19,0.45248868778280543,14
DAF94725-A878-4FC9-81BB-CDE3817FDA19,0.29411764705882354,40
DAF94725-A878-4FC9-81BB-CDE3817FDA19,0.248868778280543,56
DAF94725-A878-4FC9-81BB-CDE3817FDA19,0.004524886877828055,92
E06E171C-54DE-46C8-BCB2-7A820466C98F,0.007352941176470588,31
E06E171C-54DE-46C8-BCB2-7A820466C98F,0.13970588235294118,59
E06E171C-54DE-46C8-BCB2-7A820466C98F,0.0661764705882353,89
E06E171C-54DE-46C8-BCB2-7A820466C98F,0.7867647058823529,95
E0D6589E-05C1-4DA9-A3F5-4FDF7234069F,0.006666666666666667,18
E0D6589E-05C1-4DA9-A3F5-4FDF7234069F,0.006666666666666667,22
E0D6589E-05C1-4DA9-A3F5-4FDF7234069F,0.04,31
E0D6589E-05C1-4DA9-A3F5-4FDF7234069F,0.013333333333333334,47
E0D6589E-05C1-4DA9-A3F5-4FDF7234069F,0.08666666666666667,49
E0D6589E-05C1-4DA9-A3F5-4FDF7234069F,0.44,59
E0D6589E-05C1-4DA9-A3F5-4FDF7234069F,0.02,72
E0D6589E-05C1-4DA9-A3F5-4FDF7234069F,0.13333333333333333,84
E0D6589E-05C1-4DA9-A3F5-4FDF7234069F,0.013333333333333334,89
E0D6589E-05C1-4DA9-A3F5-4FDF7234069F,0.24,98
E5F9E1B7-0CA4-4565-8001-1D60468B88DE,0.02127659574468085,18
E5F9E1B7-0CA4-4565-8001-1D60468B88DE,0.3882978723404255,27
E5F9E1B7-0CA4-4565-8001-1D60468B88DE,0.07446808510638298,31
E5F9E1B7-0CA4-4565-8001-1D60468B88DE,0.22872340425531915,33
E5F9E1B7-0CA4-4565-8001-1D60468B88DE,0.0425531914893617,93
E5F9E1B7-0CA4-4565-8001-1D60468B88DE,0.047872340425531915,94
E5F9E1B7-0CA4-4565-8001-1D60468B88DE,0.19680851063829788,95
B0161943-5FC0-4FDA-9D5E-3C845DBC073B,0.0379746835443038,22
B0161943-5FC0-4FDA-9D5E-3C845DBC073B,0.05063291139240506,50
B0161943-5FC0-4FDA-9D5E-3C845DBC073B,0.08860759493670886,53
B0161943-5FC0-4FDA-9D5E-3C845DBC073B,0.012658227848101266,56
B0161943-5FC0-4FDA-9D5E-3C845DBC073B,0.7215189873417721,61
B0161943-5FC0-4FDA-9D5E-3C845DBC073B,0.05063291139240506,81
B0161943-5FC0-4FDA-9D5E-3C845DBC073B,0.0379746835443038,94
1CA9F39E-508D-46BD-974F-35F67FA4F85A,0.41365461847389556,27
1CA9F39E-508D-46BD-974F-35F67FA4F85A,0.028112449799196786,31
1CA9F39E-508D-46BD-974F-35F67FA4F85A,0.14056224899598393,33
1CA9F39E-508D-46BD-974F-35F67FA4F85A,0.10843373493975904,34
1CA9F39E-508D-46BD-974F-35F67FA4F85A,0.008032128514056224,79
1CA9F39E-508D-46BD-974F-35F67FA4F85A,0.30120481927710846,95
CF3C465C-8A0E-4162-B3E7-58B61E8713D3,0.02654867256637168,2
CF3C465C-8A0E-4162-B3E7-58B61E8713D3,0.004424778761061947,15
CF3C465C-8A0E-4162-B3E7-58B61E8713D3,0.08849557522123894,18
CF3C465C-8A0E-4162-B3E7-58B61E8713D3,0.004424778761061947,28
CF3C465C-8A0E-4162-B3E7-58B61E8713D3,0.0752212389380531,31
CF3C465C-8A0E-4162-B3E7-58B61E8713D3,0.07079646017699115,48
CF3C465C-8A0E-4162-B3E7-58B61E8713D3,0.048672566371681415,56
CF3C465C-8A0E-4162-B3E7-58B61E8713D3,0.004424778761061947,62
CF3C465C-8A0E-4162-B3E7-58B61E8713D3,0.11061946902654868,69
CF3C465C-8A0E-4162-B3E7-58B61E8713D3,0.017699115044247787,86
CF3C465C-8A0E-4162-B3E7-58B61E8713D3,0.5486725663716814,91
CD7C5424-ACDA-41BE-BF9D-DDD33940E3EC,0.012048192771084338,18
CD7C5424-ACDA-41BE-BF9D-DDD33940E3EC,0.30120481927710846,25
CD7C5424-ACDA-41BE-BF9D-DDD33940E3EC,0.08433734939759036,28
CD7C5424-ACDA-41BE-BF9D-DDD33940E3EC,0.24096385542168675,35
CD7C5424-ACDA-41BE-BF9D-DDD33940E3EC,0.07630522088353414,48
CD7C5424-ACDA-41BE-BF9D-DDD33940E3EC,0.06827309236947791,53
CD7C5424-ACDA-41BE-BF9D-DDD33940E3EC,0.0642570281124498,72
CD7C5424-ACDA-41BE-BF9D-DDD33940E3EC,0.15261044176706828,99
CB548827-1557-47B8-A930-169AAA400E06,0.020833333333333332,1
CB548827-1557-47B8-A930-169AAA400E06,0.15625,24
CB548827-1557-47B8-A930-169AAA400E06,0.0625,29
CB548827-1557-47B8-A930-169AAA400E06,0.75,64
CB548827-1557-47B8-A930-169AAA400E06,0.010416666666666666,69
F325A210-F828-481B-A031-16E3B56FAD83,0.10328638497652583,18
F325A210-F828-481B-A031-16E3B56FAD83,0.046948356807511735,24
F325A210-F828-481B-A031-16E3B56FAD83,0.18309859154929578,27
F325A210-F828-481B-A031-16E3B56FAD83,0.11737089201877934,33
F325A210-F828-481B-A031-16E3B56FAD83,0.004694835680751174,37
F325A210-F828-481B-A031-16E3B56FAD83,0.014084507042253521,41
F325A210-F828-481B-A031-16E3B56FAD83,0.03755868544600939,54
F325A210-F828-481B-A031-16E3B56FAD83,0.009389671361502348,70
F325A210-F828-481B-A031-16E3B56FAD83,0.460093896713615,74
F325A210-F828-481B-A031-16E3B56FAD83,0.004694835680751174,82
F325A210-F828-481B-A031-16E3B56FAD83,0.018779342723004695,93
F30D0363-2155-4977-8A66-6FB337722E14,0.06504065040650407,7
F30D0363-2155-4977-8A66-6FB337722E14,0.008130081300813009,9
F30D0363-2155-4977-8A66-6FB337722E14,0.11382113821138211,31
F30D0363-2155-4977-8A66-6FB337722E14,0.5609756097560976,65
F30D0363-2155-4977-8A66-6FB337722E14,0.25203252032520324,95
EFF14633-DEFD-4CDE-B72F-DD093A3DB1D0,0.07722007722007722,14
EFF14633-DEFD-4CDE-B72F-DD093A3DB1D0,0.019305019305019305,18
EFF14633-DEFD-4CDE-B72F-DD093A3DB1D0,0.11583011583011583,25
EFF14633-DEFD-4CDE-B72F-DD093A3DB1D0,0.05791505791505792,28
EFF14633-DEFD-4CDE-B72F-DD093A3DB1D0,0.10424710424710425,58
EFF14633-DEFD-4CDE-B72F-DD093A3DB1D0,0.11583011583011583,59
EFF14633-DEFD-4CDE-B72F-DD093A3DB1D0,0.007722007722007722,60
EFF14633-DEFD-4CDE-B72F-DD093A3DB1D0,0.26640926640926643,61
EFF14633-DEFD-4CDE-B72F-DD093A3DB1D0,0.03861003861003861,67
EFF14633-DEFD-4CDE-B72F-DD093A3DB1D0,0.011583011583011582,76
EFF14633-DEFD-4CDE-B72F-DD093A3DB1D0,0.003861003861003861,85
EFF14633-DEFD-4CDE-B72F-DD093A3DB1D0,0.1583011583011583,95
EFF14633-DEFD-4CDE-B72F-DD093A3DB1D0,0.023166023166023165,99
EC023B78-4B9E-48A2-861E-FEBC01687AA2,0.08,18
EC023B78-4B9E-48A2-861E-FEBC01687AA2,0.14,40
EC023B78-4B9E-48A2-861E-FEBC01687AA2,0.1,44
EC023B78-4B9E-48A2-861E-FEBC01687AA2,0.02,75
EC023B78-4B9E-48A2-861E-FEBC01687AA2,0.45,88
EC023B78-4B9E-48A2-861E-FEBC01687AA2,0.12,90
EC023B78-4B9E-48A2-861E-FEBC01687AA2,0.09,99
ED072AC4-17E3-40F4-B7D5-15648CB0FC59,0.004016064257028112,13
ED072AC4-17E3-40F4-B7D5-15648CB0FC59,0.11646586345381527,18
ED072AC4-17E3-40F4-B7D5-15648CB0FC59,0.040160642570281124,31
ED072AC4-17E3-40F4-B7D5-15648CB0FC59,0.03614457831325301,47
ED072AC4-17E3-40F4-B7D5-15648CB0FC59,0.024096385542168676,61
ED072AC4-17E3-40F4-B7D5-15648CB0FC59,0.20481927710843373,78
ED072AC4-17E3-40F4-B7D5-15648CB0FC59,0.5742971887550201,95
1EB497ED-0591-4870-92A6-A4ECFDBB137D,0.125,30
1EB497ED-0591-4870-92A6-A4ECFDBB137D,0.4166666666666667,61
1EB497ED-0591-4870-92A6-A4ECFDBB137D,0.16666666666666666,69
1EB497ED-0591-4870-92A6-A4ECFDBB137D,0.2916666666666667,88
F5005011-B8C6-4463-8796-5CBFD0C01642,0.03125,0
F5005011-B8C6-4463-8796-5CBFD0C01642,0.125,18
F5005011-B8C6-4463-8796-5CBFD0C01642,0.15625,22
F5005011-B8C6-4463-8796-5CBFD0C01642,0.6875,69
F95A1ACA-7E0A-4B18-A89F-B5F506852881,0.1875,20
F95A1ACA-7E0A-4B18-A89F-B5F506852881,0.16666666666666666,59
F95A1ACA-7E0A-4B18-A89F-B5F506852881,0.041666666666666664,67
F95A1ACA-7E0A-4B18-A89F-B5F506852881,0.6041666666666666,89
F339726D-AF72-4BD2-9E75-5C0A2D0F5994,0.05202312138728324,14
F339726D-AF72-4BD2-9E75-5C0A2D0F5994,0.09826589595375723,18
F339726D-AF72-4BD2-9E75-5C0A2D0F5994,0.6763005780346821,21
F339726D-AF72-4BD2-9E75-5C0A2D0F5994,0.17341040462427745,28
F8DA7986-00A8-440D-BD6E-6417AAA35CC8,0.012295081967213115,0
F8DA7986-00A8-440D-BD6E-6417AAA35CC8,0.004098360655737705,9
F8DA7986-00A8-440D-BD6E-6417AAA35CC8,0.004098360655737705,18
F8DA7986-00A8-440D-BD6E-6417AAA35CC8,0.3155737704918033,21
F8DA7986-00A8-440D-BD6E-6417AAA35CC8,0.05327868852459016,31
F8DA7986-00A8-440D-BD6E-6417AAA35CC8,0.20491803278688525,53
F8DA7986-00A8-440D-BD6E-6417AAA35CC8,0.012295081967213115,61
F8DA7986-00A8-440D-BD6E-6417AAA35CC8,0.26639344262295084,71
F8DA7986-00A8-440D-BD6E-6417AAA35CC8,0.12704918032786885,75
F6B1C131-21B1-4A98-8B21-0B55A5E8DBB6,0.013157894736842105,31
F6B1C131-21B1-4A98-8B21-0B55A5E8DBB6,0.2631578947368421,59
F6B1C131-21B1-4A98-8B21-0B55A5E8DBB6,0.4868421052631579,75
F6B1C131-21B1-4A98-8B21-0B55A5E8DBB6,0.23684210526315788,98
EB14D252-EFAB-403A-A9B6-F213BB82C11A,0.19298245614035087,18
EB14D252-EFAB-403A-A9B6-F213BB82C11A,0.05263157894736842,27
EB14D252-EFAB-403A-A9B6-F213BB82C11A,0.03508771929824561,31
EB14D252-EFAB-403A-A9B6-F213BB82C11A,0.017543859649122806,64
EB14D252-EFAB-403A-A9B6-F213BB82C11A,0.05263157894736842,74
EB14D252-EFAB-403A-A9B6-F213BB82C11A,0.45614035087719296,90
EB14D252-EFAB-403A-A9B6-F213BB82C11A,0.19298245614035087,94
EF040BD9-2060-4601-AFFC-6E28C73E68EF,0.5333333333333333,12
EF040BD9-2060-4601-AFFC-6E28C73E68EF,0.05,29
EF040BD9-2060-4601-AFFC-6E28C73E68EF,0.016666666666666666,48
EF040BD9-2060-4601-AFFC-6E28C73E68EF,0.03333333333333333,67
EF040BD9-2060-4601-AFFC-6E28C73E68EF,0.03333333333333333,75
EF040BD9-2060-4601-AFFC-6E28C73E68EF,0.3333333333333333,97
F2F3DEA1-54F2-46EE-B74C-C502EE3FDEA8,0.2777777777777778,28
F2F3DEA1-54F2-46EE-B74C-C502EE3FDEA8,0.08641975308641975,40
F2F3DEA1-54F2-46EE-B74C-C502EE3FDEA8,0.345679012345679,48
F2F3DEA1-54F2-46EE-B74C-C502EE3FDEA8,0.2654320987654321,74
F2F3DEA1-54F2-46EE-B74C-C502EE3FDEA8,0.012345679012345678,75
F2F3DEA1-54F2-46EE-B74C-C502EE3FDEA8,0.006172839506172839,91
F2F3DEA1-54F2-46EE-B74C-C502EE3FDEA8,0.006172839506172839,96
1D25D894-4534-407C-8D95-0DE31E466410,0.05976095617529881,28
1D25D894-4534-407C-8D95-0DE31E466410,0.10756972111553785,31
1D25D894-4534-407C-8D95-0DE31E466410,0.00398406374501992,59
1D25D894-4534-407C-8D95-0DE31E466410,0.0199203187250996,62
1D25D894-4534-407C-8D95-0DE31E466410,0.6653386454183267,65
1D25D894-4534-407C-8D95-0DE31E466410,0.099601593625498,67
1D25D894-4534-407C-8D95-0DE31E466410,0.043824701195219126,92
17D4C01A-6451-46CC-84E0-EBCA369560EB,0.09090909090909091,0
17D4C01A-6451-46CC-84E0-EBCA369560EB,0.45454545454545453,3
17D4C01A-6451-46CC-84E0-EBCA369560EB,0.45454545454545453,67
3C3246AC-E5CF-4461-A61C-53E1A830E3F7,0.06578947368421052,18
3C3246AC-E5CF-4461-A61C-53E1A830E3F7,0.013157894736842105,31
3C3246AC-E5CF-4461-A61C-53E1A830E3F7,0.06578947368421052,55
3C3246AC-E5CF-4461-A61C-53E1A830E3F7,0.09210526315789473,59
3C3246AC-E5CF-4461-A61C-53E1A830E3F7,0.013157894736842105,67
3C3246AC-E5CF-4461-A61C-53E1A830E3F7,0.75,95
428F4C3E-37E5-4364-905E-64EB5CAEF2AE,0.003076923076923077,6
428F4C3E-37E5-4364-905E-64EB5CAEF2AE,0.19692307692307692,20
428F4C3E-37E5-4364-905E-64EB5CAEF2AE,0.003076923076923077,28
428F4C3E-37E5-4364-905E-64EB5CAEF2AE,0.14461538461538462,40
428F4C3E-37E5-4364-905E-64EB5CAEF2AE,0.003076923076923077,49
428F4C3E-37E5-4364-905E-64EB5CAEF2AE,0.024615384615384615,50
428F4C3E-37E5-4364-905E-64EB5CAEF2AE,0.10461538461538461,55
428F4C3E-37E5-4364-905E-64EB5CAEF2AE,0.27384615384615385,58
428F4C3E-37E5-4364-905E-64EB5CAEF2AE,0.24307692307692308,86
428F4C3E-37E5-4364-905E-64EB5CAEF2AE,0.003076923076923077,88
2AC7513A-5950-402B-9730-652583352E70,0.08035714285714286,12
2AC7513A-5950-402B-9730-652583352E70,0.17857142857142858,28
2AC7513A-5950-402B-9730-652583352E70,0.008928571428571428,31
2AC7513A-5950-402B-9730-652583352E70,0.10714285714285714,60
2AC7513A-5950-402B-9730-652583352E70,0.026785714285714284,78
2AC7513A-5950-402B-9730-652583352E70,0.5982142857142857,84
25599091-6790-4E56-81C6-D82912B4018B,0.047244094488188976,14
25599091-6790-4E56-81C6-D82912B4018B,0.05511811023622047,18
25599091-6790-4E56-81C6-D82912B4018B,0.015748031496062992,24
25599091-6790-4E56-81C6-D82912B4018B,0.2125984251968504,28
25599091-6790-4E56-81C6-D82912B4018B,0.03937007874015748,31
25599091-6790-4E56-81C6-D82912B4018B,0.5433070866141733,48
25599091-6790-4E56-81C6-D82912B4018B,0.08661417322834646,69
80BCAEFA-7F35-4C3E-A8B3-143E17893DEB,0.018292682926829267,5
80BCAEFA-7F35-4C3E-A8B3-143E17893DEB,0.054878048780487805,14
80BCAEFA-7F35-4C3E-A8B3-143E17893DEB,0.16463414634146342,67
80BCAEFA-7F35-4C3E-A8B3-143E17893DEB,0.7621951219512195,84
6E234117-A271-4B35-A028-A40F41A3101E,0.056818181818181816,2
6E234117-A271-4B35-A028-A40F41A3101E,0.09659090909090909,18
6E234117-A271-4B35-A028-A40F41A3101E,0.022727272727272728,31
6E234117-A271-4B35-A028-A40F41A3101E,0.39204545454545453,91
6E234117-A271-4B35-A028-A40F41A3101E,0.4318181818181818,92
6EA6FE0A-B88D-44AF-89ED-6D3A759A3B85,0.012605042016806723,9
6EA6FE0A-B88D-44AF-89ED-6D3A759A3B85,0.5714285714285714,14
6EA6FE0A-B88D-44AF-89ED-6D3A759A3B85,0.1134453781512605,18
6EA6FE0A-B88D-44AF-89ED-6D3A759A3B85,0.02100840336134454,28
6EA6FE0A-B88D-44AF-89ED-6D3A759A3B85,0.008403361344537815,51
6EA6FE0A-B88D-44AF-89ED-6D3A759A3B85,0.14285714285714285,60
6EA6FE0A-B88D-44AF-89ED-6D3A759A3B85,0.004201680672268907,67
6EA6FE0A-B88D-44AF-89ED-6D3A759A3B85,0.008403361344537815,82
6EA6FE0A-B88D-44AF-89ED-6D3A759A3B85,0.004201680672268907,94
6EA6FE0A-B88D-44AF-89ED-6D3A759A3B85,0.1134453781512605,99
8CE7D1FB-80A2-41EA-B233-2A0EA525B50B,0.02564102564102564,18
8CE7D1FB-80A2-41EA-B233-2A0EA525B50B,0.3974358974358974,22
8CE7D1FB-80A2-41EA-B233-2A0EA525B50B,0.3974358974358974,25
8CE7D1FB-80A2-41EA-B233-2A0EA525B50B,0.1794871794871795,74
57ECB36D-E8C9-4A53-81A3-603F3B2AA044,0.03508771929824561,1
57ECB36D-E8C9-4A53-81A3-603F3B2AA044,0.42105263157894735,18
57ECB36D-E8C9-4A53-81A3-603F3B2AA044,0.2631578947368421,28
57ECB36D-E8C9-4A53-81A3-603F3B2AA044,0.017543859649122806,31
57ECB36D-E8C9-4A53-81A3-603F3B2AA044,0.08771929824561403,48
57ECB36D-E8C9-4A53-81A3-603F3B2AA044,0.17543859649122806,91
5B81C333-6E31-499A-80F0-4B49A8708A83,0.05649717514124294,0
5B81C333-6E31-499A-80F0-4B49A8708A83,0.07909604519774012,7
5B81C333-6E31-499A-80F0-4B49A8708A83,0.005649717514124294,12
5B81C333-6E31-499A-80F0-4B49A8708A83,0.11299435028248588,18
5B81C333-6E31-499A-80F0-4B49A8708A83,0.005649717514124294,25
5B81C333-6E31-499A-80F0-4B49A8708A83,0.01694915254237288,60
5B81C333-6E31-499A-80F0-4B49A8708A83,0.7231638418079096,75
65F1F30D-554C-41C9-9DC6-86E336950984,0.06521739130434782,24
65F1F30D-554C-41C9-9DC6-86E336950984,0.4782608695652174,48
65F1F30D-554C-41C9-9DC6-86E336950984,0.17391304347826086,72
65F1F30D-554C-41C9-9DC6-86E336950984,0.2826086956521739,74
8E3E4AB0-D59B-4A3D-8F05-68BF784E4A81,0.16271186440677965,11
8E3E4AB0-D59B-4A3D-8F05-68BF784E4A81,0.006779661016949152,16
8E3E4AB0-D59B-4A3D-8F05-68BF784E4A81,0.04406779661016949,18
8E3E4AB0-D59B-4A3D-8F05-68BF784E4A81,0.003389830508474576,24
8E3E4AB0-D59B-4A3D-8F05-68BF784E4A81,0.03389830508474576,28
8E3E4AB0-D59B-4A3D-8F05-68BF784E4A81,0.03728813559322034,35
8E3E4AB0-D59B-4A3D-8F05-68BF784E4A81,0.3898305084745763,56
8E3E4AB0-D59B-4A3D-8F05-68BF784E4A81,0.003389830508474576,81
8E3E4AB0-D59B-4A3D-8F05-68BF784E4A81,0.04745762711864407,84
8E3E4AB0-D59B-4A3D-8F05-68BF784E4A81,0.05423728813559322,91
8E3E4AB0-D59B-4A3D-8F05-68BF784E4A81,0.02711864406779661,92
8E3E4AB0-D59B-4A3D-8F05-68BF784E4A81,0.0847457627118644,93
8E3E4AB0-D59B-4A3D-8F05-68BF784E4A81,0.10508474576271186,98
8F6EE626-5CD5-4AFC-817C-4305E1553DE4,0.0070921985815602835,18
8F6EE626-5CD5-4AFC-817C-4305E1553DE4,0.3191489361702128,20
8F6EE626-5CD5-4AFC-817C-4305E1553DE4,0.16312056737588654,34
8F6EE626-5CD5-4AFC-817C-4305E1553DE4,0.5106382978723404,97
32C67E2E-AF2A-46B3-9485-49354498EDB6,0.2967032967032967,22
32C67E2E-AF2A-46B3-9485-49354498EDB6,0.2857142857142857,25
32C67E2E-AF2A-46B3-9485-49354498EDB6,0.3516483516483517,56
32C67E2E-AF2A-46B3-9485-49354498EDB6,0.054945054945054944,74
32C67E2E-AF2A-46B3-9485-49354498EDB6,0.01098901098901099,92
986DBBF8-412E-4395-9740-8AE1798A6BBD,0.056338028169014086,18
986DBBF8-412E-4395-9740-8AE1798A6BBD,0.007042253521126761,31
986DBBF8-412E-4395-9740-8AE1798A6BBD,0.9366197183098591,97
9DE9BADC-48A3-4D0A-B5B1-B2567C52C6B3,0.03225806451612903,31
9DE9BADC-48A3-4D0A-B5B1-B2567C52C6B3,0.3924731182795699,34
9DE9BADC-48A3-4D0A-B5B1-B2567C52C6B3,0.005376344086021506,55
9DE9BADC-48A3-4D0A-B5B1-B2567C52C6B3,0.5483870967741935,65
9DE9BADC-48A3-4D0A-B5B1-B2567C52C6B3,0.005376344086021506,75
9DE9BADC-48A3-4D0A-B5B1-B2567C52C6B3,0.010752688172043012,97
9DE9BADC-48A3-4D0A-B5B1-B2567C52C6B3,0.005376344086021506,98
D0DA7D54-E0D7-4D8C-92B6-0DE18A4650FF,0.128,18
D0DA7D54-E0D7-4D8C-92B6-0DE18A4650FF,0.032,20
D0DA7D54-E0D7-4D8C-92B6-0DE18A4650FF,0.68,65
D0DA7D54-E0D7-4D8C-92B6-0DE18A4650FF,0.16,84
D1553A64-7674-4B4E-BCD7-3366751B502F,0.6363636363636364,3
D1553A64-7674-4B4E-BCD7-3366751B502F,0.36363636363636365,57
D4241610-609E-4DC7-838C-624B19F037E5,0.005555555555555556,4
D4241610-609E-4DC7-838C-624B19F037E5,0.011111111111111112,22
D4241610-609E-4DC7-838C-624B19F037E5,0.15555555555555556,28
D4241610-609E-4DC7-838C-624B19F037E5,0.6555555555555556,48
D4241610-609E-4DC7-838C-624B19F037E5,0.06666666666666667,69
D4241610-609E-4DC7-838C-624B19F037E5,0.03888888888888889,71
D4241610-609E-4DC7-838C-624B19F037E5,0.06666666666666667,95
AE3064B7-F7B0-4BAA-9B51-27249B0569AA,0.10548523206751055,21
AE3064B7-F7B0-4BAA-9B51-27249B0569AA,0.05907172995780591,48
AE3064B7-F7B0-4BAA-9B51-27249B0569AA,0.8354430379746836,74
32053345-52E9-4808-8A71-40D4935C7CA1,0.18543046357615894,28
32053345-52E9-4808-8A71-40D4935C7CA1,0.46357615894039733,37
32053345-52E9-4808-8A71-40D4935C7CA1,0.08609271523178808,53
32053345-52E9-4808-8A71-40D4935C7CA1,0.026490066225165563,69
32053345-52E9-4808-8A71-40D4935C7CA1,0.013245033112582781,75
32053345-52E9-4808-8A71-40D4935C7CA1,0.07947019867549669,95
32053345-52E9-4808-8A71-40D4935C7CA1,0.1456953642384106,98
375FACF4-2BDA-4EFF-8CFF-9F6B2EF8C267,0.8939393939393939,30
375FACF4-2BDA-4EFF-8CFF-9F6B2EF8C267,0.015151515151515152,41
375FACF4-2BDA-4EFF-8CFF-9F6B2EF8C267,0.015151515151515152,47
375FACF4-2BDA-4EFF-8CFF-9F6B2EF8C267,0.030303030303030304,75
375FACF4-2BDA-4EFF-8CFF-9F6B2EF8C267,0.030303030303030304,78
375FACF4-2BDA-4EFF-8CFF-9F6B2EF8C267,0.015151515151515152,86
B40B614F-66A6-48AE-A39A-F6E57CB500E3,0.018518518518518517,8
B40B614F-66A6-48AE-A39A-F6E57CB500E3,0.18518518518518517,21
B40B614F-66A6-48AE-A39A-F6E57CB500E3,0.5648148148148148,33
B40B614F-66A6-48AE-A39A-F6E57CB500E3,0.2037037037037037,41
B40B614F-66A6-48AE-A39A-F6E57CB500E3,0.027777777777777776,53
CFE89E64-F12C-4A31-81BE-0D624BBB195C,0.1659919028340081,18
CFE89E64-F12C-4A31-81BE-0D624BBB195C,0.024291497975708502,22
CFE89E64-F12C-4A31-81BE-0D624BBB195C,0.6761133603238867,67
CFE89E64-F12C-4A31-81BE-0D624BBB195C,0.12955465587044535,71
CFE89E64-F12C-4A31-81BE-0D624BBB195C,0.004048582995951417,85
A4A1558F-E66B-40B3-BA8A-8A89953456D4,0.08898305084745763,3
A4A1558F-E66B-40B3-BA8A-8A89953456D4,0.24152542372881355,55
A4A1558F-E66B-40B3-BA8A-8A89953456D4,0.4406779661016949,67
A4A1558F-E66B-40B3-BA8A-8A89953456D4,0.2288135593220339,91
B81E125D-558B-482C-AFFB-F9959C352744,0.010101010101010102,14
B81E125D-558B-482C-AFFB-F9959C352744,0.030303030303030304,22
B81E125D-558B-482C-AFFB-F9959C352744,0.24242424242424243,28
B81E125D-558B-482C-AFFB-F9959C352744,0.06060606060606061,40
B81E125D-558B-482C-AFFB-F9959C352744,0.0707070707070707,53
B81E125D-558B-482C-AFFB-F9959C352744,0.5454545454545454,69
B81E125D-558B-482C-AFFB-F9959C352744,0.03535353535353535,82
B81E125D-558B-482C-AFFB-F9959C352744,0.005050505050505051,95
BA329DD7-1A77-46B8-8223-2D573B02F36D,0.0392156862745098,18
BA329DD7-1A77-46B8-8223-2D573B02F36D,0.0784313725490196,24
BA329DD7-1A77-46B8-8223-2D573B02F36D,0.45098039215686275,55
BA329DD7-1A77-46B8-8223-2D573B02F36D,0.29411764705882354,57
BA329DD7-1A77-46B8-8223-2D573B02F36D,0.0196078431372549,75
BA329DD7-1A77-46B8-8223-2D573B02F36D,0.11764705882352941,99
BAACAF9C-41FB-45C6-B234-2CCBA9037DD2,0.011363636363636364,18
BAACAF9C-41FB-45C6-B234-2CCBA9037DD2,0.7272727272727273,40
BAACAF9C-41FB-45C6-B234-2CCBA9037DD2,0.26136363636363635,75
C7BE48A5-5200-4625-A6A7-BA52B15F345E,0.7032967032967034,27
C7BE48A5-5200-4625-A6A7-BA52B15F345E,0.09340659340659341,31
C7BE48A5-5200-4625-A6A7-BA52B15F345E,0.04945054945054945,33
C7BE48A5-5200-4625-A6A7-BA52B15F345E,0.1043956043956044,34
C7BE48A5-5200-4625-A6A7-BA52B15F345E,0.02197802197802198,38
C7BE48A5-5200-4625-A6A7-BA52B15F345E,0.005494505494505495,40
C7BE48A5-5200-4625-A6A7-BA52B15F345E,0.005494505494505495,67
C7BE48A5-5200-4625-A6A7-BA52B15F345E,0.005494505494505495,79
C7BE48A5-5200-4625-A6A7-BA52B15F345E,0.01098901098901099,95
BDC615D9-5E01-4CFB-B656-0AFFAA7F74EF,0.4166666666666667,4
BDC615D9-5E01-4CFB-B656-0AFFAA7F74EF,0.16666666666666666,22
BDC615D9-5E01-4CFB-B656-0AFFAA7F74EF,0.25,67
BDC615D9-5E01-4CFB-B656-0AFFAA7F74EF,0.08333333333333333,74
BDC615D9-5E01-4CFB-B656-0AFFAA7F74EF,0.08333333333333333,88
BDD060CC-CF4F-46D3-B26F-D126A6DC84DC,0.0297029702970297,22
BDD060CC-CF4F-46D3-B26F-D126A6DC84DC,0.19801980198019803,28
BDD060CC-CF4F-46D3-B26F-D126A6DC84DC,0.15841584158415842,48
BDD060CC-CF4F-46D3-B26F-D126A6DC84DC,0.009900990099009901,68
BDD060CC-CF4F-46D3-B26F-D126A6DC84DC,0.06930693069306931,70
BDD060CC-CF4F-46D3-B26F-D126A6DC84DC,0.13861386138613863,86
BDD060CC-CF4F-46D3-B26F-D126A6DC84DC,0.38613861386138615,91
BDD060CC-CF4F-46D3-B26F-D126A6DC84DC,0.009900990099009901,99
BCC9509F-CA73-46B5-85E3-E7E1F57F08FA,0.28125,18
BCC9509F-CA73-46B5-85E3-E7E1F57F08FA,0.015625,21
BCC9509F-CA73-46B5-85E3-E7E1F57F08FA,0.359375,27
BCC9509F-CA73-46B5-85E3-E7E1F57F08FA,0.0625,31
BCC9509F-CA73-46B5-85E3-E7E1F57F08FA,0.28125,80
DC10B756-A366-4678-AD6A-1A4132EDC51F,0.20212765957446807,18
DC10B756-A366-4678-AD6A-1A4132EDC51F,0.0425531914893617,21
DC10B756-A366-4678-AD6A-1A4132EDC51F,0.02127659574468085,23
DC10B756-A366-4678-AD6A-1A4132EDC51F,0.13829787234042554,25
DC10B756-A366-4678-AD6A-1A4132EDC51F,0.09574468085106383,28
DC10B756-A366-4678-AD6A-1A4132EDC51F,0.010638297872340425,52
DC10B756-A366-4678-AD6A-1A4132EDC51F,0.40425531914893614,53
DC10B756-A366-4678-AD6A-1A4132EDC51F,0.07446808510638298,85
DC10B756-A366-4678-AD6A-1A4132EDC51F,0.010638297872340425,98
D6F6C8FA-D7EE-4B2F-92F6-614AC202A616,0.04,3
D6F6C8FA-D7EE-4B2F-92F6-614AC202A616,0.24,48
D6F6C8FA-D7EE-4B2F-92F6-614AC202A616,0.04,49
D6F6C8FA-D7EE-4B2F-92F6-614AC202A616,0.04,57
D6F6C8FA-D7EE-4B2F-92F6-614AC202A616,0.4,76
D6F6C8FA-D7EE-4B2F-92F6-614AC202A616,0.24,86
99C869CA-5581-4EA7-BCBB-0CF40737A105,0.6239669421487604,0
99C869CA-5581-4EA7-BCBB-0CF40737A105,0.012396694214876033,24
99C869CA-5581-4EA7-BCBB-0CF40737A105,0.004132231404958678,31
99C869CA-5581-4EA7-BCBB-0CF40737A105,0.008264462809917356,36
99C869CA-5581-4EA7-BCBB-0CF40737A105,0.045454545454545456,60
99C869CA-5581-4EA7-BCBB-0CF40737A105,0.004132231404958678,85
99C869CA-5581-4EA7-BCBB-0CF40737A105,0.26859504132231404,91
99C869CA-5581-4EA7-BCBB-0CF40737A105,0.03305785123966942,92
9DA59BC8-27B1-4B21-8823-BD1348B15C85,0.003875968992248062,49
9DA59BC8-27B1-4B21-8823-BD1348B15C85,0.1434108527131783,61
9DA59BC8-27B1-4B21-8823-BD1348B15C85,0.03488372093023256,88
9DA59BC8-27B1-4B21-8823-BD1348B15C85,0.011627906976744186,89
9DA59BC8-27B1-4B21-8823-BD1348B15C85,0.8062015503875969,95
9FE3328A-5424-4353-ACC0-A2388232D8EC,0.23140495867768596,18
9FE3328A-5424-4353-ACC0-A2388232D8EC,0.09090909090909091,20
9FE3328A-5424-4353-ACC0-A2388232D8EC,0.024793388429752067,37
9FE3328A-5424-4353-ACC0-A2388232D8EC,0.03305785123966942,61
9FE3328A-5424-4353-ACC0-A2388232D8EC,0.008264462809917356,72
9FE3328A-5424-4353-ACC0-A2388232D8EC,0.6115702479338843,93
5FFFAC52-D430-4ACE-8903-14E9FC739520,0.40816326530612246,28
5FFFAC52-D430-4ACE-8903-14E9FC739520,0.10204081632653061,32
5FFFAC52-D430-4ACE-8903-14E9FC739520,0.08163265306122448,48
5FFFAC52-D430-4ACE-8903-14E9FC739520,0.08163265306122448,64
5FFFAC52-D430-4ACE-8903-14E9FC739520,0.04081632653061224,69
5FFFAC52-D430-4ACE-8903-14E9FC739520,0.2857142857142857,72
6376373F-3058-47F6-AC57-446BFC5CA406,0.007633587786259542,18
6376373F-3058-47F6-AC57-446BFC5CA406,0.04580152671755725,20
6376373F-3058-47F6-AC57-446BFC5CA406,0.12213740458015267,25
6376373F-3058-47F6-AC57-446BFC5CA406,0.03816793893129771,28
6376373F-3058-47F6-AC57-446BFC5CA406,0.007633587786259542,41
6376373F-3058-47F6-AC57-446BFC5CA406,0.37404580152671757,71
6376373F-3058-47F6-AC57-446BFC5CA406,0.31297709923664124,75
6376373F-3058-47F6-AC57-446BFC5CA406,0.0916030534351145,95
B799B562-D5E4-4EEA-93E5-1A1551CC24D8,0.13953488372093023,11
B799B562-D5E4-4EEA-93E5-1A1551CC24D8,0.5116279069767442,48
B799B562-D5E4-4EEA-93E5-1A1551CC24D8,0.16279069767441862,72
B799B562-D5E4-4EEA-93E5-1A1551CC24D8,0.18604651162790697,74
B8AB5253-DF19-4F96-A9E6-82FAD60ADF8B,0.25,11
B8AB5253-DF19-4F96-A9E6-82FAD60ADF8B,0.125,18
B8AB5253-DF19-4F96-A9E6-82FAD60ADF8B,0.3125,56
B8AB5253-DF19-4F96-A9E6-82FAD60ADF8B,0.3125,67
B9D4F061-8462-4D6A-A7A1-4F99E3FDBD1F,0.0410958904109589,18
B9D4F061-8462-4D6A-A7A1-4F99E3FDBD1F,0.0821917808219178,25
B9D4F061-8462-4D6A-A7A1-4F99E3FDBD1F,0.0136986301369863,31
B9D4F061-8462-4D6A-A7A1-4F99E3FDBD1F,0.2054794520547945,40
B9D4F061-8462-4D6A-A7A1-4F99E3FDBD1F,0.6575342465753424,68
67F64DA9-8A1D-4484-B398-C1023B339395,0.21367521367521367,28
67F64DA9-8A1D-4484-B398-C1023B339395,0.008547008547008548,86
67F64DA9-8A1D-4484-B398-C1023B339395,0.7777777777777778,95
C584AD67-DDF0-4570-BDC5-AB786E6BF09B,0.59375,28
C584AD67-DDF0-4570-BDC5-AB786E6BF09B,0.078125,31
C584AD67-DDF0-4570-BDC5-AB786E6BF09B,0.015625,41
C584AD67-DDF0-4570-BDC5-AB786E6BF09B,0.3125,48
C7E2E4CF-EF73-4670-82F4-5221307728E4,0.11428571428571428,14
C7E2E4CF-EF73-4670-82F4-5221307728E4,0.3142857142857143,48
C7E2E4CF-EF73-4670-82F4-5221307728E4,0.4,69
C7E2E4CF-EF73-4670-82F4-5221307728E4,0.09523809523809523,78
C7E2E4CF-EF73-4670-82F4-5221307728E4,0.0761904761904762,95
D70C583A-FD82-4873-A15D-C334D638CD9F,0.9122807017543859,21
D70C583A-FD82-4873-A15D-C334D638CD9F,0.07017543859649122,31
D70C583A-FD82-4873-A15D-C334D638CD9F,0.017543859649122806,69
D8B2A152-4BBD-4BA0-A208-16EFD3762BEB,0.16058394160583941,2
D8B2A152-4BBD-4BA0-A208-16EFD3762BEB,0.014598540145985401,22
D8B2A152-4BBD-4BA0-A208-16EFD3762BEB,0.10948905109489052,31
D8B2A152-4BBD-4BA0-A208-16EFD3762BEB,0.3722627737226277,63
D8B2A152-4BBD-4BA0-A208-16EFD3762BEB,0.021897810218978103,64
D8B2A152-4BBD-4BA0-A208-16EFD3762BEB,0.014598540145985401,69
D8B2A152-4BBD-4BA0-A208-16EFD3762BEB,0.27007299270072993,70
D8B2A152-4BBD-4BA0-A208-16EFD3762BEB,0.0364963503649635,83
D98900AD-B0E3-4751-B6E7-4251D6407797,0.014084507042253521,27
D98900AD-B0E3-4751-B6E7-4251D6407797,0.007042253521126761,36
D98900AD-B0E3-4751-B6E7-4251D6407797,0.007042253521126761,40
D98900AD-B0E3-4751-B6E7-4251D6407797,0.971830985915493,53
686C8DC9-F55D-42A3-9303-4A8F77EF70A2,0.015384615384615385,18
686C8DC9-F55D-42A3-9303-4A8F77EF70A2,0.019230769230769232,20
686C8DC9-F55D-42A3-9303-4A8F77EF70A2,0.31153846153846154,27
686C8DC9-F55D-42A3-9303-4A8F77EF70A2,0.026923076923076925,31
686C8DC9-F55D-42A3-9303-4A8F77EF70A2,0.3576923076923077,34
686C8DC9-F55D-42A3-9303-4A8F77EF70A2,0.2692307692307692,95
CD0F95FA-679D-471A-B954-D0528ADD9999,0.010526315789473684,18
CD0F95FA-679D-471A-B954-D0528ADD9999,0.3263157894736842,21
CD0F95FA-679D-471A-B954-D0528ADD9999,0.21052631578947367,28
CD0F95FA-679D-471A-B954-D0528ADD9999,0.06315789473684211,41
CD0F95FA-679D-471A-B954-D0528ADD9999,0.06315789473684211,53
CD0F95FA-679D-471A-B954-D0528ADD9999,0.3157894736842105,72
CD0F95FA-679D-471A-B954-D0528ADD9999,0.010526315789473684,85
E2739EAF-0F6C-4E2D-812E-5137ADC09624,0.029585798816568046,7
E2739EAF-0F6C-4E2D-812E-5137ADC09624,0.005917159763313609,18
E2739EAF-0F6C-4E2D-812E-5137ADC09624,0.23076923076923078,27
E2739EAF-0F6C-4E2D-812E-5137ADC09624,0.05917159763313609,39
E2739EAF-0F6C-4E2D-812E-5137ADC09624,0.10650887573964497,42
E2739EAF-0F6C-4E2D-812E-5137ADC09624,0.005917159763313609,53
E2739EAF-0F6C-4E2D-812E-5137ADC09624,0.09467455621301775,59
E2739EAF-0F6C-4E2D-812E-5137ADC09624,0.011834319526627219,64
E2739EAF-0F6C-4E2D-812E-5137ADC09624,0.005917159763313609,76
E2739EAF-0F6C-4E2D-812E-5137ADC09624,0.11242603550295859,79
E2739EAF-0F6C-4E2D-812E-5137ADC09624,0.1301775147928994,80
E2739EAF-0F6C-4E2D-812E-5137ADC09624,0.04142011834319527,89
E2739EAF-0F6C-4E2D-812E-5137ADC09624,0.16568047337278108,97
E1CF4E28-93E7-444F-A675-1D84F29D0568,0.02857142857142857,18
E1CF4E28-93E7-444F-A675-1D84F29D0568,0.5428571428571428,72
E1CF4E28-93E7-444F-A675-1D84F29D0568,0.42857142857142855,74
E3D6A120-9FEA-437E-91C2-470CAF25DA23,0.021052631578947368,7
E3D6A120-9FEA-437E-91C2-470CAF25DA23,0.05263157894736842,18
E3D6A120-9FEA-437E-91C2-470CAF25DA23,0.1,20
E3D6A120-9FEA-437E-91C2-470CAF25DA23,0.07894736842105263,35
E3D6A120-9FEA-437E-91C2-470CAF25DA23,0.005263157894736842,45
E3D6A120-9FEA-437E-91C2-470CAF25DA23,0.25263157894736843,59
E3D6A120-9FEA-437E-91C2-470CAF25DA23,0.48947368421052634,95
EBA4BEFD-202A-4AC7-9E65-2CCCE05E845E,0.125,0
EBA4BEFD-202A-4AC7-9E65-2CCCE05E845E,0.875,67
E724DD3E-4076-4DCA-AE79-97C4BA5776ED,0.08239700374531835,28
E724DD3E-4076-4DCA-AE79-97C4BA5776ED,0.10486891385767791,57
E724DD3E-4076-4DCA-AE79-97C4BA5776ED,0.149812734082397,58
E724DD3E-4076-4DCA-AE79-97C4BA5776ED,0.4794007490636704,67
E724DD3E-4076-4DCA-AE79-97C4BA5776ED,0.00749063670411985,73
E724DD3E-4076-4DCA-AE79-97C4BA5776ED,0.16104868913857678,84
E724DD3E-4076-4DCA-AE79-97C4BA5776ED,0.0149812734082397,96
20DBCB77-9E46-4559-B6A4-C3EBC6A9FCFE,0.11818181818181818,18
20DBCB77-9E46-4559-B6A4-C3EBC6A9FCFE,0.7272727272727273,33
20DBCB77-9E46-4559-B6A4-C3EBC6A9FCFE,0.01818181818181818,38
20DBCB77-9E46-4559-B6A4-C3EBC6A9FCFE,0.00909090909090909,45
20DBCB77-9E46-4559-B6A4-C3EBC6A9FCFE,0.12727272727272726,74
373AA52B-DB42-49A7-A464-33C2C88D5247,0.176056338028169,28
373AA52B-DB42-49A7-A464-33C2C88D5247,0.34507042253521125,33
373AA52B-DB42-49A7-A464-33C2C88D5247,0.014084507042253521,35
373AA52B-DB42-49A7-A464-33C2C88D5247,0.014084507042253521,41
373AA52B-DB42-49A7-A464-33C2C88D5247,0.02112676056338028,47
373AA52B-DB42-49A7-A464-33C2C88D5247,0.028169014084507043,54
373AA52B-DB42-49A7-A464-33C2C88D5247,0.4014084507042254,95
4050856C-ED5B-4A1D-A21C-2E121E93E238,0.01639344262295082,0
4050856C-ED5B-4A1D-A21C-2E121E93E238,0.00546448087431694,6
4050856C-ED5B-4A1D-A21C-2E121E93E238,0.01639344262295082,31
4050856C-ED5B-4A1D-A21C-2E121E93E238,0.5901639344262295,33
4050856C-ED5B-4A1D-A21C-2E121E93E238,0.37158469945355194,43
4064F6EB-2076-4AFC-9408-A32D2AE88FFD,0.17880794701986755,28
4064F6EB-2076-4AFC-9408-A32D2AE88FFD,0.6490066225165563,65
4064F6EB-2076-4AFC-9408-A32D2AE88FFD,0.019867549668874173,75
4064F6EB-2076-4AFC-9408-A32D2AE88FFD,0.152317880794702,98
4114283A-DB37-41DD-A2B1-1FCC0F7C1A3F,0.008333333333333333,0
4114283A-DB37-41DD-A2B1-1FCC0F7C1A3F,0.004166666666666667,1
4114283A-DB37-41DD-A2B1-1FCC0F7C1A3F,0.20416666666666666,18
4114283A-DB37-41DD-A2B1-1FCC0F7C1A3F,0.24583333333333332,20
4114283A-DB37-41DD-A2B1-1FCC0F7C1A3F,0.020833333333333332,22
4114283A-DB37-41DD-A2B1-1FCC0F7C1A3F,0.041666666666666664,40
4114283A-DB37-41DD-A2B1-1FCC0F7C1A3F,0.0625,41
4114283A-DB37-41DD-A2B1-1FCC0F7C1A3F,0.15,55
4114283A-DB37-41DD-A2B1-1FCC0F7C1A3F,0.11666666666666667,72
4114283A-DB37-41DD-A2B1-1FCC0F7C1A3F,0.05,93
4114283A-DB37-41DD-A2B1-1FCC0F7C1A3F,0.09583333333333334,99
